{"cameraMode":{"drawMode":0,"name":"Shaded","section":"Shading Mode"},"sceneLighting":false,"audioPlay":false,"sceneViewState":{"showFog":false,"showMaterialUpdate":false,"showSkybox":false,"showFlares":false,"showImageEffects":false,"showParticleSystems":false},"in2DMode":false,"pivot":{"x":3.105778455734253,"y":3.3189873695373537,"z":-0.9760129451751709},"rotation":{"x":-0.40564000606536868,"y":-0.06517555564641953,"z":0.02901487983763218,"w":-0.9112516641616821},"size":2.4073948860168459,"orthographic":false}